[
  {
    "name": "NACH0.Decor",
    "version": "3.0.2",
    "namepretty": "NACH0 Decor",
    "enabled": true,
    "marksgamemodded": true,
    "dllpath": "Decor.dll",
    "compatibleversions": [
      "0.7.0"
    ],
    "jsonFiles": [
      {
        "fileType": "addOrOverrideTextureMappingEntries",
        "index": 18000,
        "relativePath": "gamedata/textures/materials/textures.json"
      },
      {
        "fileType": "addNewTypes",
        "relativePath": "gamedata/types/JobBlocks.json"
      },
      {
        "fileType": "addBlockJobs",
        "index": 18000,
        "relativePath": "gamedata/jobs/JobDefining.json"
      },
      {
        "fileType": "addOrReplaceNPCTypes",
        "index": 18000,
        "relativePath": "gamedata/jobs/JobInfo.json"
      },
      {
        "fileType": "addOrReplacePlayerRecipes",
        "index": 18000,
        "relativePath": "gamedata/recipes/player.json"
      },
      {
        "fileType": "addOrReplaceNPCRecipes",
        "index": 18000,
        "limitsUIMapping": [
          "NACH0.Types.MakerMaker"
        ],
        "npcType": "NACH0.Jobs.MakerMaker",
        "relativePath": "gamedata/recipes/NACH0.Jobs.MakerMaker.json"
      },
      {
        "fileType": "addOrReplaceNPCRecipes",
        "index": 18000,
        "limitsUIMapping": [
          "NACH0.Types.InvertedRampCornerInvertedMaker"
        ],
        "npcType": "NACH0.Jobs.InvertedRampCornerInvertedMaker",
        "relativePath": "gamedata/recipes/Dummy.json"
      },
      {
        "fileType": "addOrReplaceNPCRecipes",
        "index": 18000,
        "limitsUIMapping": [
          "NACH0.Types.InvertedRampCornerMaker"
        ],
        "npcType": "NACH0.Jobs.InvertedRampCornerMaker",
        "relativePath": "gamedata/recipes/Dummy.json"
      },
      {
        "fileType": "addOrReplaceNPCRecipes",
        "index": 18000,
        "limitsUIMapping": [
          "NACH0.Types.InvertedRampMaker"
        ],
        "npcType": "NACH0.Jobs.InvertedRampMaker",
        "relativePath": "gamedata/recipes/Dummy.json"
      },
      {
        "fileType": "addOrReplaceNPCRecipes",
        "index": 18000,
        "limitsUIMapping": [
          "NACH0.Types.InvertedStairsCornerInvertedMaker"
        ],
        "npcType": "NACH0.Jobs.InvertedStairsCornerInvertedMaker",
        "relativePath": "gamedata/recipes/Dummy.json"
      },
      {
        "fileType": "addOrReplaceNPCRecipes",
        "index": 18000,
        "limitsUIMapping": [
          "NACH0.Types.InvertedStairsCornerMaker"
        ],
        "npcType": "NACH0.Jobs.InvertedStairsCornerMaker",
        "relativePath": "gamedata/recipes/Dummy.json"
      },
      {
        "fileType": "addOrReplaceNPCRecipes",
        "index": 18000,
        "limitsUIMapping": [
          "NACH0.Types.InvertedStairsMaker"
        ],
        "npcType": "NACH0.Jobs.InvertedStairsMaker",
        "relativePath": "gamedata/recipes/Dummy.json"
      },
      {
        "fileType": "addOrReplaceNPCRecipes",
        "index": 18000,
        "limitsUIMapping": [
          "NACH0.Types.RampCornerInvertedMaker"
        ],
        "npcType": "NACH0.Jobs.RampCornerInvertedMaker",
        "relativePath": "gamedata/recipes/Dummy.json"
      },
      {
        "fileType": "addOrReplaceNPCRecipes",
        "index": 18000,
        "limitsUIMapping": [
          "NACH0.Types.RampCornerMaker"
        ],
        "npcType": "NACH0.Jobs.RampCornerMaker",
        "relativePath": "gamedata/recipes/Dummy.json"
      },
      {
        "fileType": "addOrReplaceNPCRecipes",
        "index": 18000,
        "limitsUIMapping": [
          "NACH0.Types.RampMaker"
        ],
        "npcType": "NACH0.Jobs.RampMaker",
        "relativePath": "gamedata/recipes/Dummy.json"
      },
      {
        "fileType": "addOrReplaceNPCRecipes",
        "index": 18000,
        "limitsUIMapping": [
          "NACH0.Types.SlabMaker"
        ],
        "npcType": "NACH0.Jobs.SlabMaker",
        "relativePath": "gamedata/recipes/Dummy.json"
      },
      {
        "fileType": "addOrReplaceNPCRecipes",
        "index": 18000,
        "limitsUIMapping": [
          "NACH0.Types.StairsCornerInvertedMaker"
        ],
        "npcType": "NACH0.Jobs.StairsCornerInvertedMaker",
        "relativePath": "gamedata/recipes/Dummy.json"
      },
      {
        "fileType": "addOrReplaceNPCRecipes",
        "index": 18000,
        "limitsUIMapping": [
          "NACH0.Types.StairsCornerMaker"
        ],
        "npcType": "NACH0.Jobs.StairsCornerMaker",
        "relativePath": "gamedata/recipes/Dummy.json"
      },
      {
        "fileType": "addOrReplaceNPCRecipes",
        "index": 18000,
        "limitsUIMapping": [
          "NACH0.Types.StairsMaker"
        ],
        "npcType": "NACH0.Jobs.StairsMaker",
        "relativePath": "gamedata/recipes/Dummy.json"
      },
      {
        "fileType": "addOrReplaceNPCRecipes",
        "index": 18000,
        "limitsUIMapping": [
          "NACH0.Types.VerticalSlabMaker"
        ],
        "npcType": "NACH0.Jobs.VerticalSlabMaker",
        "relativePath": "gamedata/recipes/Dummy.json"
      },
      {
        "fileType": "addOrReplaceNPCRecipes",
        "index": 18000,
        "limitsUIMapping": [
          "NACH0.Types.QuarterBlockMaker"
        ],
        "npcType": "NACH0.Jobs.QuarterBlockMaker",
        "relativePath": "gamedata/recipes/Dummy.json"
      },
      {
        "fileType": "addOrReplaceNPCRecipes",
        "index": 18000,
        "limitsUIMapping": [
          "NACH0.Types.RaisedQuarterBlockMaker"
        ],
        "npcType": "NACH0.Jobs.RaisedQuarterBlockMaker",
        "relativePath": "gamedata/recipes/Dummy.json"
      },
      {
        "fileType": "addOrReplaceNPCRecipes",
        "index": 18000,
        "limitsUIMapping": [
          "NACH0.Types.EdgeBlockMaker"
        ],
        "npcType": "NACH0.Jobs.EdgeBlockMaker",
        "relativePath": "gamedata/recipes/Dummy.json"
      },
      {
        "fileType": "addOrReplaceNPCRecipes",
        "index": 18000,
        "limitsUIMapping": [
          "NACH0.Types.RaisedEdgeBlockMaker"
        ],
        "npcType": "NACH0.Jobs.RaisedEdgeBlockMaker",
        "relativePath": "gamedata/recipes/Dummy.json"
      },
      {
        "fileType": "addOrReplaceNPCRecipes",
        "index": 18000,
        "limitsUIMapping": [
          "NACH0.Types.CornerBlockMaker"
        ],
        "npcType": "NACH0.Jobs.CornerBlockMaker",
        "relativePath": "gamedata/recipes/Dummy.json"
      },
      {
        "fileType": "addOrReplaceNPCRecipes",
        "index": 18000,
        "limitsUIMapping": [
          "NACH0.Types.RaisedCornerBlockMaker"
        ],
        "npcType": "NACH0.Jobs.RaisedCornerBlockMaker",
        "relativePath": "gamedata/recipes/Dummy.json"
      },
	  {
				"relativePath" : "gamedata/locale/en-US.json",
				"fileType" : "addOrOverrideLocalization",
				"index" : 18000
			}
    ],
    "patchnotes": [
		{
			"version": "3.0.2",
			"notes": [
				"the blocks that get generated now use height maps",
				"maker maker no longer makes infinite makers",
				"maker locale added",
				"fixed Raised Quarter blocks making a typelist file in the mod directory"
			]
		},
      {
        "version": "3.0.1",
        "notes": [
          "minor fix for modmanager"
        ]
      },
      {
        "version": "3.0.0",
        "notes": [
          "All meshes added",
          "collisions fixed",
          "basic icons added",
          "config per save added",
          "typelist showing what types have been generated added",
          "failsafe for missing file added",
          "editable example file (will get overwritten with updates)",
          "Logger added for easy debuging",
          "*If you find any issues or have suggestions join the discord",
          "*discord.gg/tqFhxhm"
        ]
      },
      {
        "version": "2.0.0",
        "notes": [
          "*To find out how to use the mod go to https://github.com/NACH0CHEE5E/NACH0Decor/wiki",
          "Complete rewrite of the mod",
          "More decor blocks will be added in the future join the discord to submit new ones",
          "rename of mod to NACH0Decor",
          "0.7.0 support",
          "*If you find any issues or have suggestions join the discord",
          "*discord.gg/tqFhxhm"
        ]
      },
      {
        "version": "1.1.0",
        "notes": [
          "Added slabs, stairs, quarterblocks (in three varieties). For all block textures there is also a purchasable lumberarea block in the shop.",
          "makers can be found in the workbench",
          "*If you find any issues or have suggestions join the discord",
          "*discord.gg/tqFhxhm"
        ]
      },
      {
        "version": "1.0.1",
        "notes": [
          "Thanks to Lordis3D for help with the meshes making them look nicer",
          "fixed an issue with using morenutrition and moredecorations",
          "*If you find any issues or have suggestions join the discord",
          "*discord.gg/tqFhxhm"
        ]
      },
      {
        "version": "0.1.0",
        "notes": [
          "all slabs exept for the coloured blocks are done",
          "*If you find any issues or have suggestions join the discord",
          "*discord.gg/tqFhxhm"
        ]
      },
      {
        "version": "0.0.1",
        "notes": [
          "Initial Release",
          "*If you find any issues or have suggestions join the discord",
          "*discord.gg/tqFhxhm"
        ]
      }
    ]
  }
]
