{
	"_ALL": [
		{
			"name": "Bricks",
            "type": "bricks",
            "texture": "bricks"
        },
        {
			"name": "StoneBricks",
            "type": "stonebricks",
            "texture": "stonebricks"
        }
	],
	
	
    "Slab": [
    ],
    "VerticalSlab": [
    ],
	
	
	"Stairs": [
    ],
	"StairsCorner": [
    ],
	"StairsCornerInverted": [
    ],
	
	"InvertedStairs": [
    ],
	"InvertedStairsCorner": [
    ],
	"InvertedStairsCornerInverted": [
    ],
	
	
	"Ramp": [
    ],
	"RampCorner": [
    ],
	"RampCornerInverted": [
    ],
	
	"InvertedRamp": [
    ],
	"InvertedRampCorner": [
    ],
	"InvertedRampCornerInverted": [
    ],
	
	
	"QuarterBlock": [
    ],
	"RaisedQuarterBlock": [
    ],
	
	"EdgeBlock": [
    ],
	"RaisedEdgeBlock": [
    ],
	
	"CornerBlock": [
    ],
	"RaisedCornerBlock": [
    ]
}